topic_words3,Fraktsioonitud,Reformierakond,difference
toovoimereformi toovoimega toovoimereform,0.0056818181818181,0.0537109375,-845.3125000000136
maksuamet tolliamet tolliameti,0.0170454545454545,0.046875,-175.00000000000077
kohtunike kohtususteem kohtuniku,0.002840909090909,0.021484375,-656.2500000000242
kandidaadi kandidaati kandidaat,0.002840909090909,0.01953125,-587.5000000000222
valimisea valimisiga valimisoiguse,0.0056818181818181,0.021484375,-278.12500000000546
lasteaia lasteaias lasteaiakoha,0.002840909090909,0.0126953125,-346.8750000000143
reklaami reklaam alkoholireklaam,0.002840909090909,0.0126953125,-346.8750000000143
moisteid moiste moisted,0.002840909090909,0.01171875,-312.50000000001324
joustumine joustuma joustada,0.0113636363636363,0.0234375,-106.25000000000115
salvestisi salvestised salvestiste,0.002840909090909,0.0107421875,-278.1250000000121
eelarves riigieelarves reservist,0.002840909090909,0.0107421875,-278.1250000000121
treenerite spordi sport,0.002840909090909,0.0107421875,-278.1250000000121
uliopilased uliopilastele uliopilaste,0.002840909090909,0.009765625,-243.75000000001103
abielu kooselu samasooliste,0.0227272727272727,0.0361328125,-58.98437500000019
noukogudesse ariuhingute noukogudes,0.002840909090909,0.0087890625,-209.3750000000099
karistuse karistus tingimisi,0.0085227272727272,0.0166015625,-94.79166666666835
prokuratuur prokuratuuri prokuror,0.0085227272727272,0.0166015625,-94.79166666666835
efsf esm kreekale,0.002840909090909,0.0078125,-175.0000000000088
direktiivi direktiiv ulevotmise,0.002840909090909,0.0068359375,-140.6250000000077
pohiseadusega riigikohus oiguskantsler,0.0085227272727272,0.013671875,-60.41666666666805
psuhhiaatri alaealine psuhhiaatrilist,0.0056818181818181,0.009765625,-71.87500000000249
rahvahaaletuse rahvahaaletus rahvahaaletusel,0.002840909090909,0.005859375,-106.25000000000662
koolilouna koolitoidu koolitoit,0.0056818181818181,0.0087890625,-54.687500000002245
tapsustatakse ajakohastatakse nouete,0.0056818181818181,0.0087890625,-54.687500000002245
hanke hankija riigihangete,0.002840909090909,0.0048828125,-71.87500000000551
jalitustegevuse jalitustoimingu sideandmete,0.002840909090909,0.0048828125,-71.87500000000551
riigikontrolli auditi auditit,0.002840909090909,0.0048828125,-71.87500000000551
ulejaagis struktuurses struktuurse,0.0056818181818181,0.0078125,-37.50000000000199
riigiloivude riigiloivud riigiloivu,0.0085227272727272,0.0107421875,-26.04166666666775
huvigruppe huvigruppide kaasatud,0.0113636363636363,0.013671875,-20.31250000000068
ootuse oigusparase oiguskindluse,0.002840909090909,0.00390625,-37.500000000004405
normitehnika mojude eeskiri,0.002840909090909,0.00390625,-37.500000000004405
annetused annetusi annetuste,0.002840909090909,0.00390625,-37.500000000004405
uuring uuringut uuringu,0.002840909090909,0.00390625,-37.500000000004405
leping ratifitseerida lepinguga,0.002840909090909,0.00390625,-37.500000000004405
eelarvele kulude riigieelarvele,0.0056818181818181,0.005859375,-3.1250000000014926
taanis saksamaal hollandis,0.0056818181818181,0.005859375,-3.1250000000014926
kulukuse krediidi kiirlaenude,0.002840909090909,0.0029296875,-3.125000000003303
palgatousu opetajate palgatous,0.002840909090909,0.0029296875,-3.125000000003303
oigusriik oigusriigi oigusriigist,0.002840909090909,0.0029296875,-3.125000000003303
katteallikas katteallikaid katteallikat,0.002840909090909,0.0029296875,-3.125000000003303
haale valimispaeval valimiste,0.002840909090909,0.0029296875,-3.125000000003303
piirilepingu piirileping piirilepingut,0.0085227272727272,0.0078125,8.333333333332543
riigireformi riigireformist riigireform,0.0056818181818181,0.0048828125,14.062499999998757
arengukavad arengukavade pohialuste,0.0113636363636363,0.009765625,14.062499999999517
teadus teaduse arendustegevuse,0.002840909090909,0.001953125,31.249999999997797
jarviku jarvik maaeluministri,0.002840909090909,0.001953125,31.249999999997797
borsile ipo enefit,0.002840909090909,0.001953125,31.249999999997797
kandidaati kandidaat valituks,0.002840909090909,0.001953125,31.249999999997797
eriarstide eriarstiabi eriarsti,0.002840909090909,0.001953125,31.249999999997797
riigikontrolor karis riigikontrolori,0.002840909090909,0.001953125,31.249999999997797
palgalohe soolist meeste,0.002840909090909,0.001953125,31.249999999997797
liiklussurmade liikluses hukkunute,0.002840909090909,0.001953125,31.249999999997797
kodualuse maamaksu maamaksust,0.002840909090909,0.001953125,31.249999999997797
etv saateid pbk,0.002840909090909,0.001953125,31.249999999997797
majandusaasta koondaruanne raamatupidamise,0.002840909090909,0.001953125,31.249999999997797
elatisraha elatisabi elatise,0.0056818181818181,0.00390625,31.249999999999005
kohtla jarve johvi,0.0056818181818181,0.00390625,31.249999999999005
slovakkia ungari portugal,0.0056818181818181,0.00390625,31.249999999999005
hoone rkas hoonet,0.0056818181818181,0.00390625,31.249999999999005
lapsetoetust lapsetoetus lapsetoetuse,0.0113636363636363,0.0087890625,22.656249999999563
vagivallale vihakone ohutamine,0.0113636363636363,0.0078125,31.249999999999613
utah jordaania energia,0.002840909090909,0.0009765625,65.6249999999989
kohtutaiturite kohtutaitur kohtutaituri,0.002840909090909,0.0009765625,65.6249999999989
teekasutustasu autode autod,0.002840909090909,0.0009765625,65.6249999999989
muundatud geneetiliselt gmo,0.002840909090909,0.0009765625,65.6249999999989
korruptsiooni korruptsioon korruptsiooniga,0.002840909090909,0.0009765625,65.6249999999989
liibanonis missioonil pikendamine,0.002840909090909,0.0009765625,65.6249999999989
virumaale virumaa toostusalade,0.002840909090909,0.0009765625,65.6249999999989
kinnisasja maad maa,0.002840909090909,0.0009765625,65.6249999999989
soita jalakaija konniteel,0.0142045454545454,0.009765625,31.24999999999974
rail trassi balticu,0.0056818181818181,0.0029296875,48.437499999999254
hadaolukorda eriolukord eriolukorra,0.0056818181818181,0.0029296875,48.437499999999254
lahususe voimude lahusus,0.0056818181818181,0.0029296875,48.437499999999254
iive sundimus iibe,0.0056818181818181,0.0029296875,48.437499999999254
toonadalal istungid taiendaval,0.0170454545454545,0.01171875,31.24999999999981
koolis kooli opilased,0.0142045454545454,0.0087890625,38.124999999999766
elamisluba elamisloa viisa,0.0056818181818181,0.001953125,65.6249999999995
tulubaasi omavalitsustele omavalitsuste,0.0056818181818181,0.001953125,65.6249999999995
teede teehoiuks teedele,0.0284090909090909,0.01953125,31.249999999999982
opositsioonis koalitsiooni opositsiooni,0.0198863636363636,0.01171875,41.07142857142847
missiooni missioonile missioon,0.0113636363636363,0.0048828125,57.03124999999976
lipu laevu kaubalaeva,0.0113636363636363,0.0048828125,57.03124999999976
kaitseliit kaitseliidule kaitseliidu,0.0085227272727272,0.0029296875,65.6249999999997
ajakirjandus ajakirjanduse ajakirjandust,0.0085227272727272,0.0029296875,65.6249999999997
vee monopolide veeteenuse,0.0085227272727272,0.0029296875,65.6249999999997
alkoholi kange lahja,0.0142045454545454,0.0068359375,51.874999999999815
arengufond arengufondi arengufondis,0.0142045454545454,0.0068359375,51.874999999999815
mes maale maaelu,0.0056818181818181,0.0009765625,82.81249999999976
tulubaasi tasandusfondi tulumaksuosa,0.0056818181818181,0.0009765625,82.81249999999976
ene ergma aplaus,0.0056818181818181,0.0009765625,82.81249999999976
tootuna arvele ariuhingu,0.0056818181818181,0.0009765625,82.81249999999976
haalte kandidaatidele haaletamisest,0.0056818181818181,0.0009765625,82.81249999999976
teenistuse teenistuses avalikus,0.0056818181818181,0.0009765625,82.81249999999976
lng terminali gaasi,0.0085227272727272,0.001953125,77.08333333333314
piirivalve valvamise valvamine,0.0085227272727272,0.0009765625,88.54166666666656
veb fondi uurimiskomisjon,0.0085227272727272,0.0009765625,88.54166666666656
tulumaksuvaba maksususteemi tulumaksu,0.0198863636363636,0.0087890625,55.80357142857135
sularaha kommertspangad pangad,0.0198863636363636,0.0078125,60.714285714285644
kaibemaksu kaibemaks kaibemaksumaara,0.0142045454545454,0.00390625,72.4999999999999
erimargistatud kutust kutuse,0.0113636363636363,0.001953125,82.8124999999999
abipolitseinik abipolitseiniku abipolitseinike,0.0113636363636363,0.0009765625,91.40624999999996
krimmi agressiooni ukraina,0.0482954545454545,0.0283203125,41.36029411764701
untso missioonide liikmesusest,0.0170454545454545,0.0048828125,71.35416666666659
ts parvlaeva parvlaevad,0.0170454545454545,0.0029296875,82.81249999999996
jaatmeid liigiti prugi,0.0255681818181818,0.0078125,69.44444444444441
valijate erakonda valijaid,0.0198863636363636,0.00390625,80.35714285714283
kodakondsust kodakondsuse kodanikuks,0.0284090909090909,0.0078125,72.5
elektri elektrit taastuvenergia,0.0369318181818181,0.0068359375,81.49038461538457
valimisliitude volikogusse volikokku,0.0738636363636363,0.01953125,73.55769230769228
konkurss konkursi konkurssi,0.0056818181818181,0.0,100.0
tantsupeo laulu traditsiooni,0.0056818181818181,0.0,100.0
planeeringu keskkonnamoju keskkonnamojude,0.0056818181818181,0.0,100.0
oiglase virumaale ulemineku,0.002840909090909,0.0,100.0
muuseum muuseumi muuseumide,0.002840909090909,0.0,100.0
president ilves presidendi,0.002840909090909,0.0,100.0
vabatahtlike komandode paasteameti,0.002840909090909,0.0,100.0
erso teatri kontserdi,0.002840909090909,0.0,100.0
fie fuusilisest isikust,0.002840909090909,0.0,100.0
otsevalimise presidenti presidendi,0.002840909090909,0.0,100.0
huvihariduse huvitegevuse huviharidus,0.002840909090909,0.0,100.0
korterid kortereid korterit,0.002840909090909,0.0,100.0
kohanimenoukogu vonnu mulgi,0.002840909090909,0.0,100.0
viirust vaktsineeritud viiruse,0.002840909090909,0.0,100.0
rongi rongide rongid,0.002840909090909,0.0,100.0
muugimaksu muugimaks paadimaksu,0.0,0.0,
operatsioonil sojalisel panustamisel,0.0,0.0,
ooteala piiriuletuse piiripunkti,0.0,0.0,
nord stream streami,0.0,0.0,
loomi loomade loomad,0.0,0.0,
miili baasvorgu lairiba,0.0,0.0,
lisaeelarve lisaeelarves lisaeelarvega,0.0,0.0,
metsa metsade mets,0.0,0.0,
pagulasi pagulased pagulaste,0.0,0.0,
matusetoetust matusetoetus matusetoetuse,0.0,0.0,
skais arendused infosusteemide,0.0,0.0,
pensioniiga pensioniea eluiga,0.0,0.0,
piirikontrolli schengeni valispiiri,0.0,0.0,
poolte kokkuleppel huvitise,0.0,0.0,
ulikooliga kbfi instituudi,0.0,0.0,
valdkonnad laekumisest fikseeritakse,0.0,0.0,
post posti omniva,0.0,0.0,
lae korgepalgaliste lagi,0.0,0.0,
valimiskomisjon proteste valimiskasti,0.0,0.0,
valismaale valjarande valjaranne,0.0,0.0,
raamatukogu pimedate raamatukogude,0.0,0.0,
ugri rahvaste polisrahvaste,0.0,0.0,
haiguspaevade haiguspaevi haiguspaeva,0.0,0.0,
kusija vastaja vastasin,0.0,0.0,
tsernoboli represseeritud oigusvastaselt,0.0,0.0,
riigipuha puhade tahtpaevade,0.0,0.0,
sigade katku katk,0.0,0.0,
seksuaalse vangistusega vaarkohtlemise,0.0,0.0,
aardla pria pealtnagija,0.0,0.0,
ammendumiseni kaheni pikendada,0.0,0.0,
domeenide domeeni interneti,0.0,0.0,
eripensioni valjateenitud staazi,0.0,0.0,
estonian air airi,0.0,0.0,
suuria euroopasse turgis,0.0,0.0,
talupidajate kaubanduskoja kaubanduskoda,0.0,0.0,
hansson ardo panga,0.0,0.0,
tervist tervis tervisega,0.0,0.0,
tootuli lepitaja ametiuhingute,0.0,0.0,
jahimehed jahimeeste jahti,0.0,0.0,
kaitsekulud kaitsekulutused kaitsekulude,0.0,0.0,
kantsler kantsleri riigisekretar,0.0,0.0,
keskkonnaameti uhendamine uhendamise,0.0,0.0,
kolledz kolledzi turi,0.0,0.0,
koolituse koolitus koolitusele,0.0,0.0,
samba sammas sambasse,0.0,0.0,
aasia aasias saatkonna,0.0,0.00390625,-inf
pensioni pension sammas,0.0,0.0009765625,-inf
apteeke apteegid apteekide,0.0,0.01171875,-inf
koneleja konsensuslikud repliigi,0.0,0.0009765625,-inf
kirik kiriku maarja,0.0,0.001953125,-inf
kinnitamise paevakorra paevakord,0.0,0.0009765625,-inf
keeleoskust oskuse keeleoskuse,0.0,0.0009765625,-inf
pensionifondide pensionifondid fondid,0.0,0.0029296875,-inf
pensionitous pensionitousu pension,0.0,0.001953125,-inf
piima toorpiima toodangut,0.0,0.001953125,-inf
pollumeestele pollumehi pollumehed,0.0,0.001953125,-inf
vanemahuvitist vanemahuvitise vanemahuvitis,0.0,0.0009765625,-inf
vallaga vald sauga,0.0,0.0068359375,-inf
valitsemisalade katteallikaks riigieelarves,0.0,0.0009765625,-inf
valispoliitika valispoliitikas diplomaatia,0.0,0.005859375,-inf
vaikesaarte saarte pusiasustusega,0.0,0.00390625,-inf
vagivalla naistevastase perevagivalla,0.0,0.0029296875,-inf
vaesuses suhtelises vaesuse,0.0,0.0009765625,-inf
koosoleku elektrooniline koosolekut,0.0,0.0009765625,-inf
korrata stenogrammist vabandan,0.0,0.0029296875,-inf
korterelamute kortermajade kredexi,0.0,0.0009765625,-inf
muraste kase kompleksi,0.0,0.0009765625,-inf
pealinnast tallinnast viljandisse,0.0,0.0009765625,-inf
oppelaenu sugava puudega,0.0,0.0009765625,-inf
opositsiooni koalitsioonil opositsioonil,0.0,0.0029296875,-inf
omandireformi tagastatud omandireform,0.0,0.0009765625,-inf
oigusloome oigusloomes oiguspoliitika,0.0,0.00390625,-inf
objekti anu raua,0.0,0.0009765625,-inf
magustatud suhkrut joogi,0.0,0.0009765625,-inf
korteriuhistu korteriomanike korteriuhistute,0.0,0.00390625,-inf
maavalitsuste maavalitsused maakonna,0.0,0.00390625,-inf
maantee neljarealiseks ppp,0.0,0.0029296875,-inf
liitlaste ohutorje keskmaa,0.0,0.0029296875,-inf
laari laar kandidatuuri,0.0,0.001953125,-inf
kutsehariduse kutseharidus kutsehariduses,0.0,0.00390625,-inf
kusimusena tahtsa tahtsusega,0.0,0.0048828125,-inf
uhistranspordi uhistransport uhistransporti,0.0,0.001953125,-inf
tootuid tootute tootu,0.0,0.0009765625,-inf
tooandja tooandjal tootaja,0.0,0.00390625,-inf
hooldekodus hoolduse hooldekodu,0.0,0.001953125,-inf
deklaratsiooni deklaratsioone deklaratsioonis,0.0,0.0009765625,-inf
inflatsiooni inflatsioon hinnatous,0.0,0.0009765625,-inf
inimarengu aruanne aruandes,0.0,0.00390625,-inf
humni humn laulda,0.0,0.0009765625,-inf
aituma infotundi jahimehed,0.0,0.001953125,-inf
danske filiaali rahapesu,0.0,0.0009765625,-inf
hambaravi hammaste hambad,0.0,0.0009765625,-inf
hoiu pangad pankade,0.0,0.0009765625,-inf
kaasne lisakulutusi riigieelarvele,0.0,0.0078125,-inf
idapiiri piiririba valjaehitamine,0.0,0.0009765625,-inf
ametiuhingute tooandjate keskliit,0.0,0.0048828125,-inf
kandideerima ametikohale kandidaatide,0.0,0.0009765625,-inf
kala kalurid kalurite,0.0,0.0029296875,-inf
annetus erjk annetuse,0.0,0.0009765625,-inf
id mobiil kaardi,0.0,0.0087890625,-inf
volakirjade keskpank volakirju,0.0,0.0029296875,-inf
tooandja tervisesse maksuvabalt,0.0,0.0009765625,-inf
riigimetsa majandamise noukokku,0.0,0.0009765625,-inf
kauguhendus avaksite ettekandjalt,0.0,0.001953125,-inf
terviseandmed isikuandmeid terviseandmeid,0.0,0.0048828125,-inf
teatri teater rahvusooper,0.0,0.0009765625,-inf
tarbijakaitse amet ametile,0.0,0.0048828125,-inf
salastatud valisteabe riigisaladuse,0.0,0.0009765625,-inf
riigipalgaliste riigisektoris koondada,0.0,0.001953125,-inf
riigiabi komisjonilt loa,0.0,0.0068359375,-inf
kasvavad tuleval kasv,0.0,0.005859375,-inf
relva relvade relvaluba,0.0,0.0009765625,-inf
rahvuse rahvust rahvusriik,0.0,0.0078125,-inf
rahvaalgatuse rahvaalgatus rahvahaaletus,0.0,0.0009765625,-inf
rahapesu terrorismi andmeburoo,0.0,0.0009765625,-inf
puude raskusastme puuet,0.0,0.0009765625,-inf
teenuseid teenused teenust,0.0,0.005859375,-inf
volitust kaasuses jarvik,0.0,0.0,
